City,Lat,Lng,Max Temp,Humidity,Clouds,Wind Speed,Country,Date
Tubualá,9.5167,-79.0333,78.33,86,100,9.24,PA,1627218500
Thinadhoo,0.5333,72.9333,81.73,72,44,6.17,MV,1627218501
Bogandé,12.9714,-0.1436,92.82,41,77,9.31,BF,1627218501
Saint George,37.1041,-113.5841,76.35,73,1,1.01,US,1627218502
Mogadishu,2.0371,45.3438,77.81,74,17,25.3,SO,1627218503
Lebu,-37.6167,-73.65,51.01,90,100,8.68,CL,1627218364
Villavieja,39.85,-0.1833,87.8,70,86,3.0,ES,1627218505
Saint-Philippe,-21.3585,55.7679,72.99,77,39,10.83,RE,1627218506
Arraial do Cabo,-22.9661,-42.0278,75.06,64,20,20.71,BR,1627218508
Riberalta,-10.9833,-66.1,79.0,78,5,0.0,BO,1627218509
Caniço,32.6333,-16.85,81.72,69,20,8.05,PT,1627218511
Kabinda,-6.1333,24.4833,90.45,19,29,9.04,CD,1627218512
Matam,15.6175,-13.3303,95.18,39,20,11.18,SN,1627218513
São João da Barra,-21.6403,-41.0511,75.29,64,0,10.76,BR,1627218514
São José da Coroa Grande,-8.8978,-35.1478,77.85,77,8,14.07,BR,1627218516
Camacupa,-12.0167,17.4833,79.63,21,0,6.76,AO,1627218517
Mwanza,-2.5167,32.9,81.25,34,0,10.51,TZ,1627218519
Tocopilla,-22.092,-70.1979,62.17,67,100,9.37,CL,1627218521
Hithadhoo,-0.6,73.0833,81.54,79,55,7.74,MV,1627218522
Ilhabela,-23.7781,-45.3581,74.93,39,0,1.41,BR,1627218522
Dordrecht,51.81,4.6736,80.28,69,26,4.0,NL,1627218524
Port Alfred,-33.5906,26.891,71.33,32,9,5.12,ZA,1627218525
Barranca,-10.75,-77.7667,62.76,83,51,4.34,PE,1627218527
Kumul,42.8,93.45,97.14,11,0,21.34,CN,1627218250
Mar del Plata,-38.0023,-57.5575,55.09,49,100,5.01,AR,1627218528
Cidreira,-30.1811,-50.2056,67.42,60,35,5.55,BR,1627218530
Mahuva,21.0914,71.7622,79.21,90,100,15.14,IN,1627218531
Vallenar,-28.5708,-70.7581,56.98,41,0,1.12,CL,1627218531
Khorixas,-20.3667,14.9667,80.67,17,0,17.72,NA,1627218533
Sinnamary,5.3833,-52.95,77.83,88,100,3.4,GF,1627218534
Taoudenni,22.6783,-3.9836,115.7,6,4,12.17,ML,1627218535
Calabozo,8.9242,-67.4293,75.88,91,100,2.8,VE,1627218378
Cape Town,-33.9258,18.4232,73.35,10,100,2.3,ZA,1627218537
Beloha,-25.1667,45.05,66.87,51,48,16.4,MG,1627218538
Mahébourg,-20.4081,57.7,73.26,66,4,15.77,MU,1627218540
Margate,51.3813,1.3862,73.18,91,58,3.0,GB,1627218541
Pochutla,15.7432,-96.4661,78.62,66,100,3.85,MX,1627218543
Talara,-4.5772,-81.2719,68.76,88,40,11.5,PE,1627218285
Hermanus,-34.4187,19.2345,70.81,49,100,2.33,ZA,1627218503
Rawson,-43.3002,-65.1023,44.94,46,12,11.54,AR,1627218544
Padang,-0.9492,100.3543,80.17,83,22,3.2,ID,1627218316
Rāhuri,19.3833,74.65,76.96,80,100,13.6,IN,1627218545
Marsaxlokk,35.8419,14.5431,92.01,31,0,8.05,MT,1627218545
Mchinji,-13.7984,32.8802,57.7,59,92,9.55,MW,1627218547
Jamestown,42.097,-79.2353,72.99,83,90,5.75,US,1627218548
Busselton,-33.65,115.3333,58.08,67,3,18.48,AU,1627218549
Komatipoort,-25.4332,31.9548,70.05,35,58,6.82,ZA,1627218425
Markivka,49.5229,39.5705,80.94,38,99,5.55,UA,1627218550
Strakonice,49.2614,13.9024,83.64,54,90,2.86,CZ,1627218375
Buchanan,5.8808,-10.0467,84.16,69,100,8.3,LR,1627218551
Goderich,43.7501,-81.7165,71.2,89,0,4.65,CA,1627218552
Bathsheba,13.2167,-59.5167,84.81,79,40,8.05,BB,1627218553
Cururupu,-1.8283,-44.8683,82.78,69,55,3.94,BR,1627218554
Secunda,-26.55,29.1667,57.33,35,0,1.99,ZA,1627218556
Celestún,20.8667,-90.4,78.33,86,100,5.61,MX,1627218557
Meiringen,46.7268,8.184,74.01,74,90,5.99,CH,1627218558
Bilma,18.6853,12.9164,100.15,28,81,5.77,NE,1627218559
Tabriz,38.08,46.2919,94.46,23,20,9.22,IR,1627218560
Quatá,-22.2475,-50.6983,71.64,33,0,13.51,BR,1627218562
Castro,-24.7911,-50.0119,63.82,47,0,7.9,BR,1627218563
Tshane,-24.0196,21.8684,66.25,21,0,13.29,BW,1627218565
Polonnaruwa,7.9333,81.0,83.75,63,98,13.38,LK,1627218566
George Town,5.4112,100.3354,86.9,74,20,8.05,MY,1627218566
Columbus,39.9612,-82.9988,76.1,94,90,4.61,US,1627218445
Kiryat Gat,31.61,34.7642,93.4,28,0,14.38,IL,1627218567
Shubarshi,48.5872,57.1869,87.91,18,1,12.12,KZ,1627218568
Ipixuna,-1.7625,-48.8043,84.15,49,29,2.89,BR,1627218569
Sabang,5.8933,95.3214,84.06,77,100,18.23,ID,1627218571
Worth,41.6898,-87.7973,79.11,80,20,3.0,US,1627218571
Bereda,43.2686,-7.5406,77.41,36,97,3.44,ES,1627218572
Saldanha,-33.0117,17.9442,66.58,43,100,20.98,ZA,1627218573
Seydi,39.4816,62.9137,110.01,9,0,24.65,TM,1627218304
Shinpokh,34.3292,71.1782,98.01,29,0,8.86,PK,1627218574
Inhambane,-23.865,35.3833,67.96,66,92,13.33,MZ,1627218575
Harper,4.375,-7.7169,78.66,69,99,6.85,LR,1627218576
Marsá Maţrūḩ,31.3525,27.2453,82.31,51,0,13.31,EG,1627218577
Tutóia,-2.7619,-42.2744,84.0,53,35,6.85,BR,1627218579
Bayshore Gardens,27.4253,-82.5904,83.1,70,1,8.05,US,1627218580
Bambous Virieux,-20.3428,57.7575,73.22,66,3,15.79,MU,1627218581
Taltal,-25.4,-70.4833,58.86,65,0,2.28,CL,1627218582
Ružomberok,49.0748,19.3075,78.94,62,95,5.84,SK,1627218375
Gelemso,8.8167,40.5167,61.18,81,99,6.17,ET,1627218584
Umm Kaddadah,13.6017,26.6876,92.93,35,97,7.11,SD,1627218586
Port Elizabeth,-33.918,25.5701,69.66,31,16,5.41,ZA,1627218587
Vsetín,49.3387,17.9962,84.25,44,54,9.19,CZ,1627218588
Ubari,26.5921,12.7805,96.55,13,0,8.77,LY,1627218589
Bubaque,11.2833,-15.8333,78.31,79,100,2.42,GW,1627218591
Abu Dhabi,24.4667,54.3667,105.91,50,9,11.5,AE,1627218403
Lagoa,39.05,-27.9833,69.22,81,100,13.87,PT,1627218592
Souillac,-20.5167,57.5167,73.36,66,5,15.12,MU,1627218593
Coquimbo,-29.9533,-71.3436,47.93,81,0,8.05,CL,1627218595
Nicoya,10.1483,-85.452,71.15,90,96,2.04,CR,1627218596
Pisco,-13.7,-76.2167,63.01,82,90,4.61,PE,1627218597
Itarema,-2.9248,-39.9167,87.01,41,16,14.47,BR,1627218599
Hong Kong,22.2855,114.1577,88.32,79,10,5.99,HK,1627218338
Puerto Ayora,-0.7393,-90.3518,71.55,89,29,3.0,EC,1627218601
Caluquembe,-13.7833,14.6833,78.26,15,0,6.71,AO,1627218602
Annau,37.8876,58.516,107.82,11,0,14.07,TM,1627218604
Diu,20.7141,70.9822,78.31,88,100,20.22,IN,1627218605
Ponta do Sol,32.6667,-17.1,81.72,68,3,1.25,PT,1627218606
Khotyn,48.4833,26.5,82.67,44,5,10.2,UA,1627218607
Viedma,-40.8135,-62.9967,43.14,68,73,6.62,AR,1627218608
Rondonópolis,-16.4708,-54.6356,81.07,34,0,7.94,BR,1627218610
Araouane,18.9048,-3.5265,104.18,22,100,10.45,ML,1627218611
Geraldton,-28.7667,114.6,50.41,93,0,8.05,AU,1627218613
Torbay,47.6666,-52.7314,62.28,90,90,8.05,CA,1627218614
Lüderitz,-26.6481,15.1594,74.93,23,13,8.48,NA,1627218615
Leh,34.1667,77.5833,80.49,27,100,4.81,IN,1627218617
Amguri,26.8,94.5333,81.39,89,100,2.28,IN,1627218617
Tabas,33.5959,56.9244,107.69,5,0,20.65,IR,1627218617
Itarantim,-15.6597,-40.0656,67.55,63,100,4.5,BR,1627218619
Saedinenie,42.2667,24.55,88.95,27,20,11.5,BG,1627218620
Umluj,25.0213,37.2685,90.7,49,6,11.81,SA,1627218622
Afuá,-0.1567,-50.3867,83.23,68,65,3.38,BR,1627218623
Richards Bay,-28.783,32.0377,67.73,55,8,8.68,ZA,1627218624
Laas,46.6166,10.7002,76.91,71,100,6.62,IT,1627218626
Hamilton,39.1834,-84.5333,79.92,91,90,3.0,US,1627218611
Bonthe,7.5264,-12.505,80.69,73,100,10.38,SL,1627218627
Kinkala,-4.3614,14.7644,93.27,26,9,6.49,CG,1627218629
Güira de Melena,22.7906,-82.5053,79.32,68,22,1.25,CU,1627218630
Dzilam González,21.2833,-88.9333,78.76,83,100,0.81,MX,1627218631
Sur,22.5667,59.5289,93.69,56,17,5.86,OM,1627218632
Quatre Cocos,-20.2078,57.7625,73.09,66,2,16.22,MU,1627218633
Saint-Pierre,-21.3393,55.4781,73.08,73,20,19.57,RE,1627218634
Paita,-5.0892,-81.1144,68.56,82,59,8.72,PE,1627218636
Ribeira Grande,38.5167,-28.7,73.8,78,40,6.91,PT,1627218637
Peru,40.7537,-86.0689,75.61,93,75,3.44,US,1627218638
Ushirombo,-3.4919,31.9639,83.48,26,15,8.19,TZ,1627218639
Nioro,13.35,-15.75,86.61,59,100,5.73,GM,1627218641
Fomboni,-12.28,43.7425,76.84,65,0,19.71,KM,1627218642
Guánica,17.9716,-66.908,86.25,87,33,3.0,PR,1627218644
Adrar,20.5022,-10.0711,109.56,9,23,4.92,MR,1627218644
Departamento de Maldonado,-34.6667,-54.9167,55.22,87,100,11.45,UY,1627218646
Salalah,17.0151,54.0924,82.49,83,75,9.22,OM,1627218648
Bengkulu,-3.8004,102.2655,79.38,85,5,4.23,ID,1627218497
Vila Velha,-20.3297,-40.2925,72.34,59,86,4.21,BR,1627218649
Māngrol,21.1167,70.1167,79.7,88,100,16.58,IN,1627218651
Presidencia Roque Sáenz Peña,-26.7852,-60.4388,78.06,42,0,7.4,AR,1627218651
Sokoni,-6.4333,39.55,76.42,60,4,24.05,TZ,1627218652
Sokolo,14.7328,-6.1219,92.25,41,31,7.96,ML,1627218654
East London,-33.0153,27.9116,69.1,37,5,11.59,ZA,1627218655
Guaratuba,-25.8828,-48.5747,80.8,62,2,1.66,BR,1627218656
Nouadhibou,20.931,-17.0347,68.83,91,11,15.73,MR,1627218658
Vryburg,-26.9566,24.7284,61.92,20,0,7.29,ZA,1627218660
Hollins,37.3413,-79.9431,79.11,88,75,5.75,US,1627218661
Galle,6.0367,80.217,78.69,87,78,11.14,LK,1627218536
Kattivākkam,13.2167,80.3167,95.09,70,100,15.35,IN,1627218662
Kismayo,-0.3582,42.5454,78.75,65,7,25.17,SO,1627218662
Bemidji,47.4736,-94.8803,68.92,67,1,9.22,US,1627218664
Baharly,38.4362,57.4316,107.47,18,0,11.88,TM,1627218665
Fort Oglethorpe,34.949,-85.2569,81.16,85,40,4.61,US,1627218666
Bireun,5.203,96.7009,82.27,77,96,1.1,ID,1627218667
Ancud,-41.8697,-73.8203,40.53,86,31,6.38,CL,1627218667
Adiaké,5.2863,-3.304,81.99,61,81,10.87,CI,1627218669
San Miguel de Cozumel,20.5083,-86.9458,80.67,93,20,5.01,MX,1627218670
Bredasdorp,-34.5322,20.0403,70.29,53,100,4.05,ZA,1627218671
Karaman Province,37.0833,33.25,82.56,22,4,9.28,TR,1627218672
Karaton,-6.3424,106.1045,80.76,85,3,1.72,ID,1627218674
Chui,-33.6971,-53.4616,59.92,95,100,4.88,UY,1627218674
Río Gallegos,-51.6226,-69.2181,33.85,80,0,11.5,AR,1627218675
Korla,41.7597,86.1469,99.5,12,0,8.14,CN,1627218677
Faya,18.3851,42.4509,73.92,45,96,7.87,SA,1627218677
Oranjemund,-28.55,16.4333,76.46,19,100,17.29,NA,1627218611
Ulcinj,41.9294,19.2244,93.42,49,6,10.04,ME,1627218678
Presidente Dutra,-5.29,-44.49,86.97,41,97,10.49,BR,1627218679
Nantucket,41.2835,-70.0995,73.51,88,1,11.5,US,1627218681
Chabahar,25.2919,60.643,85.73,79,63,10.47,IR,1627218682
Tessalit,20.1986,1.0114,103.68,21,6,9.78,ML,1627218683
Atasū,48.6814,71.6433,90.14,25,66,14.14,KZ,1627218684
Āsosa,10.0667,34.5333,63.5,96,93,4.74,ET,1627218685
Kyenjojo,0.6328,30.6214,83.84,25,100,5.03,UG,1627218686
Kavaratti,10.5669,72.642,80.74,80,100,25.08,IN,1627218688
Paredon,16.0333,-93.8667,79.84,76,100,5.61,MX,1627218688
Barcelos,41.5388,-8.6151,71.85,78,97,3.0,PT,1627218690
Bama,11.5221,13.6856,92.79,42,93,9.98,NG,1627218645
Paramonga,-10.6667,-77.8333,63.23,85,57,5.28,PE,1627218691
Utete,-7.986,38.758,87.8,20,0,10.4,TZ,1627218692
Port Blair,11.6667,92.75,82.02,86,100,19.75,IN,1627218584
Khalkhāl,37.6189,48.5258,77.54,54,8,6.98,IR,1627218694
Tabou,4.423,-7.3528,78.22,70,92,6.71,CI,1627218695
Espita,21.0167,-88.3167,77.99,83,100,0.43,MX,1627218697
Kilindoni,-7.9139,39.6668,76.41,58,1,16.55,TZ,1627218698
Skibbereen,51.55,-9.2667,73.2,65,9,5.17,IE,1627218699
Doha,25.2867,51.5333,104.31,63,32,12.66,QA,1627218518
Makungu,-8.7333,35.2833,63.16,49,88,8.81,TZ,1627218701
Coyhaique,-45.5752,-72.0662,34.41,86,20,0.0,CL,1627218703
Bondo,3.8146,23.6866,86.7,50,100,3.62,CD,1627218705
Henties Bay,-22.116,14.2845,75.04,32,0,10.89,NA,1627218706
Saint-François,46.4154,3.9054,78.48,58,90,5.75,FR,1627218708
Diamantino,-14.4086,-56.4461,83.62,32,0,8.3,BR,1627218709
Muros,42.7762,-9.0603,77.16,71,89,7.14,ES,1627218710
Nanortalik,60.1432,-45.2371,44.71,79,100,12.19,GL,1627218712
Demirci,39.0461,28.6589,78.71,39,69,13.67,TR,1627218713
Manama,26.2154,50.5832,102.38,53,1,8.05,BH,1627218714
Guadix,37.2993,-3.1392,87.15,11,0,13.65,ES,1627218716
Evinayong,1.4368,10.5512,76.86,68,98,5.06,GQ,1627218717
Cascais,38.6979,-9.4215,76.35,71,75,8.01,PT,1627218718
Cayenne,4.9333,-52.3333,83.08,82,0,3.0,GF,1627218720
Carnarvon,-24.8667,113.6333,60.87,64,0,8.05,AU,1627218568
Prado,-17.3411,-39.2208,76.3,56,17,7.11,BR,1627218722
Miracema,-21.4122,-42.1967,71.83,59,0,0.92,BR,1627218723
Agadir,30.4202,-9.5982,84.65,52,19,9.28,MA,1627218664
Breyten,-26.3018,29.987,55.62,23,0,4.32,ZA,1627218725
Fort Walton Beach,30.4058,-86.6188,83.98,85,1,4.0,US,1627218713
Karīmpur,23.9667,88.6167,84.22,83,100,4.03,IN,1627218726
Soyo,-6.1349,12.3689,77.61,72,41,9.75,AO,1627218727
Mormugao,15.4,73.8,79.9,85,76,18.32,IN,1627218728
Micheweni,-4.9667,39.8333,77.9,57,5,20.69,TZ,1627218728
Oistins,13.0667,-59.5333,84.29,79,40,8.05,BB,1627218730
Kot Kapūra,30.5833,74.9,101.21,38,46,5.32,IN,1627218730
Carballo,43.213,-8.691,76.08,73,53,6.8,ES,1627218731
Morondava,-20.2833,44.2833,77.67,58,7,14.88,MG,1627218732
Port-Gentil,-0.7193,8.7815,74.84,77,100,8.41,GA,1627218735
Antalaha,-14.9003,50.2788,73.6,68,100,14.34,MG,1627218736
Buraidah,26.326,43.975,113.23,7,56,13.18,SA,1627218463
Harbour Breton,47.4833,-55.7983,59.52,72,23,2.13,CA,1627218738
Saint-Joseph,-21.3667,55.6167,71.98,73,20,12.26,RE,1627218739
Luanda,-8.8368,13.2343,78.8,61,40,6.91,AO,1627218551
Bushehr,28.9684,50.8385,96.24,63,0,8.72,IR,1627218740
Bentiu,9.2333,29.8333,72.41,95,100,4.14,SS,1627218742
Matara,5.9485,80.5353,79.12,84,60,10.56,LK,1627218743
Chicama,-7.8447,-79.1469,63.14,88,97,3.76,PE,1627218743
Sibolga,1.7427,98.7792,78.51,84,72,3.11,ID,1627218745
Pemba,-12.974,40.5178,76.69,64,85,22.24,MZ,1627218745
Porto-Novo,6.4965,2.6036,82.15,61,82,12.24,BJ,1627218746
Inírida,3.8653,-67.9239,72.12,99,100,0.87,CO,1627218748
Zuya,45.0531,34.3154,82.38,33,0,13.09,UA,1627218749
Marzuq,14.4,46.4667,80.69,59,76,9.08,YE,1627218750
Aksu,41.1231,80.2644,98.46,15,0,7.02,CN,1627218752
Arrondissement de Saint-Denis,48.9167,2.3333,74.21,81,75,1.99,FR,1627218752
Arrondissement d'Ajaccio,42.0,8.9167,91.56,58,0,10.36,FR,1627218753
Codrington,-38.2667,141.9667,51.94,88,89,16.22,AU,1627218754
Hualmay,-11.0964,-77.6139,63.23,82,46,5.32,PE,1627218755
Yarmouth,41.7057,-70.2286,73.18,88,1,5.99,US,1627218756
Plettenberg Bay,-34.0527,23.3716,66.63,29,37,2.21,ZA,1627218757
Menongue,-14.6585,17.691,79.95,19,0,10.04,AO,1627218759
Rājpīpla,21.8667,73.5,80.53,98,100,8.03,IN,1627218761
Shache,38.4167,77.2406,99.09,14,60,7.0,CN,1627218761
Buffalo,42.8865,-78.8784,76.15,82,20,4.61,US,1627218592
Mâncio Lima,-7.6142,-72.8958,76.71,60,83,0.27,BR,1627218762
Los Dos Caminos,10.4939,-66.8286,76.1,84,100,1.01,VE,1627218763
São Filipe,14.8961,-24.4956,74.61,69,99,5.28,CV,1627218764
Grand Forks,47.9417,-97.4337,71.53,56,1,5.75,US,1627218765
Najrān,17.4924,44.1277,96.37,16,100,19.08,SA,1627218766
Djambala,-2.5447,14.7533,89.73,27,13,7.43,CG,1627218767
Plaster Rock,46.9065,-67.39,67.55,59,100,9.17,CA,1627218769
Kangaba,11.9333,-8.4167,85.57,58,100,7.2,ML,1627218770
Koíla,40.3333,21.7833,89.55,48,0,6.91,GR,1627218771
Rio Novo do Sul,-20.8625,-40.9364,75.58,48,12,4.43,BR,1627218772
San Cristobal,7.7669,-72.225,66.38,92,100,4.27,VE,1627218774
Buta,2.7858,24.73,89.08,46,33,1.7,CD,1627218775
Pensacola,30.4213,-87.2169,84.88,92,1,3.44,US,1627218776
Meulaboh,4.1363,96.1285,80.89,79,95,2.21,ID,1627218777
Sesheke,-17.4759,24.2968,75.65,22,3,10.92,ZM,1627218513
Vangaindrano,-23.35,47.6,67.37,63,54,11.16,MG,1627218777
Ladário,-19.0047,-57.6017,82.69,39,0,8.05,BR,1627218574
Kamyzyak,46.11,48.0736,91.38,19,0,8.95,RU,1627218779
Crossville,35.949,-85.0269,75.94,93,40,1.01,US,1627218780
Cap Malheureux,-19.9842,57.6142,73.47,64,0,10.0,MU,1627218781
Brownwood,31.7093,-98.9912,77.0,74,0,7.07,US,1627218783
San Rafael,-34.6177,-68.3301,46.78,45,0,2.26,AR,1627218783
Sudak,44.85,34.9667,82.56,49,0,9.01,UA,1627218785
Belmonte,-15.8631,-38.8828,77.5,58,34,10.92,BR,1627218786
Kralendijk,12.15,-68.2667,82.38,83,40,14.97,BQ,1627218787
Ciudad Bolivar,8.1222,-63.5497,74.88,95,100,6.24,VE,1627218788
Terenos,-20.4422,-54.8603,83.91,34,0,13.8,BR,1627218789
Camaçari,-12.6975,-38.3242,78.57,56,46,9.51,BR,1627218791
Djebeniana,35.035,10.9081,90.05,42,0,13.67,TN,1627218792
Guia Lopes da Laguna,-21.4578,-56.1142,79.11,32,0,8.39,BR,1627218793
Black River,18.0264,-77.8487,84.2,72,17,2.51,JM,1627218795
Riyadh,24.6877,46.7219,111.34,7,16,17.31,SA,1627218796
Bhinga,27.7167,81.9333,89.06,69,96,6.06,IN,1627218797
Pindi Gheb,33.2402,72.2661,105.87,25,5,5.23,PK,1627218797
Matamoros,25.5333,-103.25,75.31,51,1,0.0,MX,1627218797
Kulachi,31.9286,70.4592,109.33,21,4,8.48,PK,1627218798
Casablanca,33.5928,-7.6192,84.42,65,0,13.0,MA,1627218798
Jatai,-17.8814,-51.7144,76.44,27,0,11.36,BR,1627218800
São Miguel do Araguaia,-13.275,-50.1628,82.72,31,3,12.84,BR,1627218801
Morris,40.8334,-74.5329,70.2,89,91,9.57,US,1627218803
Izyum,49.2088,37.2485,81.7,42,99,6.55,UA,1627218804
Mossamedes,-15.1961,12.1522,78.06,43,0,9.42,AO,1627218805
Jaguaruna,-28.615,-49.0256,68.95,57,81,5.21,BR,1627218806
Great Bend,38.3645,-98.7648,78.98,86,1,1.01,US,1627218784
Aktas,49.7789,72.9608,89.35,22,8,2.33,KZ,1627218808
Grand Gaube,-20.0064,57.6608,73.38,64,0,10.0,MU,1627218808
Cockburn Town,21.4612,-71.1419,81.72,80,7,10.94,TC,1627218809
Oskaloosa,41.2964,-92.6444,72.99,94,1,0.0,US,1627218810
Los Llanos de Aridane,28.6585,-17.9182,73.15,85,20,17.27,ES,1627218713
Birao,10.2849,22.7882,82.11,67,83,8.16,CF,1627218811
Gatesville,31.4352,-97.7439,77.56,88,1,0.0,US,1627218813
Aurillac,44.9167,2.45,68.25,72,95,5.66,FR,1627218814
Sittwe,20.15,92.9,81.99,86,100,12.41,MM,1627218815
Biltine,14.5333,20.9167,86.74,55,16,14.07,TD,1627218816
Atibaia,-23.131,-46.589,71.04,31,0,5.88,BR,1627218817
Okakarara,-20.5833,17.4333,71.38,25,0,13.85,NA,1627218625
Potenza,40.6443,15.8086,94.91,28,92,5.99,IT,1627218818
Oodweyne,9.4092,45.064,74.61,41,100,26.91,SO,1627218820
Santa Luzia,-19.7697,-43.8514,67.1,51,0,8.32,BR,1627218821
Kidodi,-7.6036,37.0044,80.01,34,6,9.04,TZ,1627218823
Caxito,-8.5785,13.6643,79.45,29,0,6.26,AO,1627218535
Gonaïves,19.45,-72.6833,80.58,65,21,2.24,HT,1627218824
La Macarena,2.1837,-73.7849,70.93,90,100,1.48,CO,1627218825
Zhezkazgan,47.8043,67.7144,96.04,21,0,17.36,KZ,1627218826
Camocim,-2.9022,-40.8411,87.31,44,19,9.46,BR,1627218827
The Valley,18.217,-63.0578,85.1,79,40,14.97,AI,1627218828
Mangan,27.5167,88.5333,79.52,95,100,1.28,IN,1627218829
Chhātak,25.0333,91.6667,82.15,89,100,3.69,BD,1627218829
Bull Savanna,17.8868,-77.5902,79.16,70,20,2.89,JM,1627218829
Vilhena,-12.7406,-60.1458,80.33,38,4,5.48,BR,1627218831
Malé,4.1748,73.5089,81.03,79,97,15.77,MV,1627218832
San Jose,37.3394,-121.895,61.36,84,20,1.99,US,1627218832
Takoradze,4.8845,-1.7554,81.01,63,69,11.86,GH,1627218833
Campo de Criptana,39.4046,-3.1249,85.86,17,3,9.75,ES,1627218835
Mandera,3.9366,41.867,86.67,33,100,23.13,KE,1627218837
Zhangaözen,43.3,52.8,96.82,23,22,11.32,KZ,1627218838
Merritt Island,28.5392,-80.672,84.29,86,1,8.05,US,1627218839
Rāmshīr,30.8946,49.4092,121.08,6,0,13.2,IR,1627218774
Coralville,41.6764,-91.5805,74.8,81,1,3.44,US,1627218673
General Roca,-39.0333,-67.5833,46.71,43,100,9.24,AR,1627218840
Abu Samrah,35.3029,37.1841,98.22,20,0,5.66,SY,1627218842
Opuwo,-18.0607,13.84,79.7,16,0,13.76,NA,1627218613
Kitgum,3.2783,32.8867,79.0,54,100,3.29,UG,1627218843
Mana,5.6592,-53.7767,75.81,94,100,6.98,GF,1627218845
Sinop Province,41.7711,34.8709,74.7,54,10,11.23,TR,1627218846
Mugur-Aksy,50.35,90.5,60.66,71,70,3.67,RU,1627218848
Xining,36.6167,101.7667,59.41,94,100,1.81,CN,1627218752
Contamana,-7.3333,-75.0167,75.7,64,100,0.56,PE,1627218848
Chaniotis,39.9991,23.58,93.42,43,0,7.38,GR,1627218849
Artyom,40.4723,50.333,86.14,70,0,23.09,AZ,1627218851
Oddur,4.1213,43.8894,78.84,50,100,23.78,SO,1627218852
Morristown,36.214,-83.2949,79.21,63,87,5.19,US,1627218575
Shelburne,44.0787,-80.2041,68.13,100,25,11.59,CA,1627218853
Aljezur,37.3191,-8.8033,74.7,71,23,11.7,PT,1627218854
Cachoeira do Sul,-30.0392,-52.8939,66.99,62,54,4.59,BR,1627218856
St. Pete Beach,27.7253,-82.7412,83.12,85,1,5.01,US,1627218857
Bartica,6.4,-58.6167,82.72,95,96,2.24,GY,1627218858
Ploemeur,47.7333,-3.4333,73.99,71,75,16.11,FR,1627218633
Damietta,31.4165,31.8133,82.89,67,0,14.47,EG,1627218860
Talcahuano,-36.7167,-73.1167,53.28,94,75,9.22,CL,1627218861
Zambezi,-13.5432,23.1047,80.35,19,0,10.36,ZM,1627218863
Grand-Lahou,5.1367,-5.0242,78.75,71,97,9.04,CI,1627218864
Gumdag,39.2061,54.5906,98.24,37,6,15.66,TM,1627218866
Luxor,25.6989,32.6421,100.54,14,0,11.65,EG,1627218867
La Esperanza,14.8667,-91.5667,56.55,83,0,0.0,GT,1627218868
Imbituba,-28.24,-48.6703,64.29,63,6,11.32,BR,1627218869
Bonavista,48.6499,-53.1147,60.12,88,68,5.39,CA,1627218871
Makkah al Mukarramah,21.4267,39.8261,102.29,18,2,20.31,SA,1627218842
Sawākin,19.1059,37.3321,100.45,37,12,4.88,SD,1627218872
Saiha,22.4833,92.9667,73.33,98,100,2.59,IN,1627218645
Semnan,35.5729,53.3971,101.53,13,19,5.3,IR,1627218874
Laguna,38.421,-121.4238,77.22,70,1,3.0,US,1627218875
Lake City,30.1897,-82.6393,76.75,88,1,4.61,US,1627218876
Nazca,-14.8333,-74.95,63.25,66,48,2.66,PE,1627218877
Santo Augusto,-27.8508,-53.7772,67.03,55,19,13.65,BR,1627218878
Banja Luka,44.7758,17.1856,92.57,19,46,9.08,BA,1627218879
Pula,44.8683,13.8481,87.69,61,0,9.22,HR,1627218881
Santa Adélia,-21.2428,-48.8042,74.14,30,0,13.06,BR,1627218882
Zaysan,47.4667,84.8667,83.93,29,3,4.59,KZ,1627218883
Wahpeton,46.2652,-96.6059,68.92,88,1,0.0,US,1627218883
Rabo de Peixe,37.8,-25.5833,69.31,88,40,6.91,PT,1627218885
Arlit,18.7369,7.3853,104.9,15,6,4.97,NE,1627218886
Manaus,-3.1019,-60.025,84.7,74,0,5.75,BR,1627218887
Mocuba,-16.8392,36.9856,70.45,51,100,8.08,MZ,1627218889
Alberton,46.8168,-64.0654,66.56,65,8,11.43,CA,1627218891
Terme,41.2092,36.9739,82.96,58,33,9.46,TR,1627218892
Mayumba,-3.432,10.6554,76.33,74,35,9.98,GA,1627218893
Rafaela,-31.2503,-61.4867,54.0,63,23,8.99,AR,1627218894
Kungurtug,50.5994,97.5228,60.08,92,100,2.24,RU,1627218896
Zenzeli,45.9241,47.0474,93.52,17,16,8.95,RU,1627218896
Tonota,-21.4833,27.4833,61.65,36,0,15.21,BW,1627218897
Carhuaz,-9.2819,-77.6447,57.83,67,0,3.56,PE,1627218899
Beyneu,45.3167,55.2,94.35,16,0,14.41,KZ,1627218900
Meiktila,20.8667,95.8667,79.2,81,100,13.0,MM,1627218901
Caucayá,-0.1934,-74.7819,69.46,98,100,1.34,CO,1627218902
Corinth,37.9407,22.9573,91.83,35,0,1.01,GR,1627218903
Kabalo,-6.05,26.9167,90.25,23,45,10.29,CD,1627218904
Canto do Buriti,-8.11,-42.9444,80.38,51,57,13.47,BR,1627218906
Sinazongwe,-17.2614,27.4618,71.4,36,3,4.45,ZM,1627218908
Blagodarnyy,45.0978,43.4364,88.23,30,38,12.3,RU,1627218909
Santa Cruz de la Sierra,-17.8,-63.1667,77.05,65,4,16.11,BO,1627218910
Gorgan,36.8387,54.4348,88.23,68,71,8.21,IR,1627218912
Marfino,55.7028,37.3822,73.65,39,0,8.95,RU,1627218914
Liwale,-9.7667,37.9333,79.61,26,0,11.43,TZ,1627218915
Trincomalee,8.5711,81.2335,87.03,63,84,17.16,LK,1627218916
Pedernales,18.0384,-71.744,82.63,69,25,1.95,DO,1627218916
Ribeirão,-8.5144,-35.3778,75.51,80,35,11.05,BR,1627218917
Sabha,27.0377,14.4283,94.96,16,0,8.41,LY,1627218875
Chamba,32.5667,76.1333,81.99,89,100,0.94,IN,1627218919
Vila Franca do Campo,37.7167,-25.4333,70.21,72,79,6.69,PT,1627218919
Amapá,1.0,-52.0,83.7,61,29,3.56,BR,1627218920
Bungu,-7.6337,39.0582,84.43,26,0,9.98,TZ,1627218923
San Antonio,29.4241,-98.4936,77.45,91,20,4.61,US,1627218924
Kalabo,-14.97,22.6814,79.54,19,0,11.1,ZM,1627218925
St. George's,12.0564,-61.7485,83.88,84,40,17.27,GD,1627218834
Senec,48.2195,17.4004,86.9,53,20,10.36,SK,1627218927
Scarborough,54.2797,-0.4044,71.92,69,81,3.0,GB,1627218929
Yaan,7.3833,8.5667,81.75,67,89,8.68,NG,1627218930
Rāzole,16.4833,81.8333,89.89,78,100,4.16,IN,1627218932
Perbaungan,3.5679,98.956,84.31,82,96,3.27,ID,1627218932
Ploufragan,48.4914,-2.7946,70.39,81,90,11.5,FR,1627218932
Hambantota,6.1241,81.1185,81.84,76,22,19.95,LK,1627218933
Pyapon,16.2833,95.6833,80.22,82,100,12.1,MM,1627218933
Aberdeen,57.1437,-2.0981,75.49,60,0,6.91,GB,1627218934
Lastoursville,-0.8143,12.7287,95.79,33,82,3.42,GA,1627218935
Chanute,37.6792,-95.4572,81.5,89,1,3.44,US,1627218937
Wharton,29.3116,-96.1027,80.28,94,1,0.0,US,1627218938
Ughelli,5.4899,6.0074,87.3,48,83,8.32,NG,1627218939
Walvis Bay,-22.9575,14.5053,92.35,10,0,16.11,NA,1627218940
Rafrāf,37.1904,10.1837,107.92,42,2,21.68,TN,1627218942
Punta Alta,-38.8759,-62.0736,38.17,100,90,8.05,AR,1627218943
Malartic,48.1335,-78.1328,66.02,93,58,8.99,CA,1627218944
Nueva Loja,0.0847,-76.8828,73.42,100,0,2.3,EC,1627218945
Rio Claro,-22.4114,-47.5614,71.42,35,0,10.36,BR,1627218947
Sertã,39.8085,-8.0988,86.81,54,56,10.51,PT,1627218948
Mājalgaon,19.15,76.2333,82.02,68,100,16.75,IN,1627218949
Carmelo,-33.9892,-58.2856,62.17,95,69,6.51,UY,1627218950
Chake Chake,-5.2459,39.7666,77.7,53,1,20.0,TZ,1627218951
Durban,-29.8579,31.0292,66.92,78,0,5.01,ZA,1627218953
Methóni,36.8197,21.7049,91.22,59,0,10.42,GR,1627218954
Nova Olímpia,-14.7972,-57.2881,85.69,30,0,7.05,BR,1627218956
Dubăsari,47.2631,29.1608,84.99,34,16,6.2,MD,1627218957
Marsh Harbour,26.5412,-77.0636,82.36,74,100,13.15,BS,1627218958
Carutapera,-1.195,-46.02,80.98,81,97,5.12,BR,1627218959
Mitú,1.1983,-70.1733,69.78,100,100,1.05,CO,1627218961
Kadoma,34.7333,135.5833,84.6,94,1,5.68,JP,1627218685
Bafoulabé,13.8065,-10.8321,88.25,57,100,6.89,ML,1627218963
Philadelphia,39.9523,-75.1638,77.38,84,90,7.0,US,1627218833
Kabompo,-13.5927,24.2008,78.22,19,0,10.85,ZM,1627218964
Santiago del Estero,-27.7951,-64.2615,55.8,34,0,13.31,AR,1627218966
Marquette,46.5333,-87.6335,67.77,69,0,8.63,US,1627218967
Panjāb,34.388,67.0233,78.49,17,30,16.42,AF,1627218968
Steinbach am Taunus,50.1667,8.5667,83.98,46,20,9.22,DE,1627218968
Province of Mantua,45.1667,10.7833,93.49,60,60,9.71,IT,1627218969
Fereydūnkenār,36.6864,52.5225,89.91,70,18,10.36,IR,1627218970
Carmo,-21.9336,-42.6086,69.64,62,0,3.76,BR,1627218972
Weligama,5.9667,80.4167,78.76,85,71,10.29,LK,1627218973
Saint-Paul,-21.0096,55.2707,73.51,75,36,4.56,RE,1627218973
Bandarbeyla,9.4942,50.8122,86.45,46,91,25.52,SO,1627218975
Kibre Mengist,5.8833,38.9833,59.34,73,100,3.15,ET,1627218976
Herat Province,34.5,62.0,97.39,10,0,35.68,AF,1627218978
Sabzawār,36.2126,57.6819,105.08,13,0,23.02,IR,1627218979
Yola,9.2,12.4833,86.81,55,99,8.41,NG,1627218980
Pokhara,28.2333,83.9833,76.44,93,100,2.26,NP,1627218879
Abbeville,50.1,1.8333,74.68,78,100,6.13,FR,1627218704
Sítio Novo do Tocantins,-5.5183,-47.4611,84.13,54,0,0.0,BR,1627218982
Moroni,-11.7022,43.2551,75.29,70,12,18.68,KM,1627218983
Pangoa,-12.1167,-73.0,73.22,67,32,2.3,PE,1627218985
Zhanakorgan,43.9098,67.2495,106.99,10,0,18.3,KZ,1627218987
Diffa,13.3154,12.6113,93.58,39,100,13.11,NE,1627218987
Chu,43.5983,73.7614,103.37,8,0,13.09,KZ,1627218989
Altamira,-3.2033,-52.2064,84.29,74,0,4.61,BR,1627218989
Shahreza,32.0339,51.8794,94.48,9,0,18.52,IR,1627218990
Aquin,18.2833,-73.4,82.15,75,21,2.42,HT,1627218991
Maceió,-9.6658,-35.7353,74.64,88,75,13.8,BR,1627218884
Villarrica,-25.75,-56.4333,77.2,36,23,8.7,PY,1627218993
Barreirinhas,-2.7469,-42.8264,85.21,53,6,8.81,BR,1627218994
Senneterre,48.3835,-77.2328,64.62,86,22,7.9,CA,1627218995
Ugoofaaru,5.6667,73.0,81.77,76,100,22.3,MV,1627218903
Havre-St-Pierre,50.2334,-63.5986,66.56,77,1,8.05,CA,1627218996
Fuerte Olimpo,-21.0415,-57.8738,83.37,31,0,10.71,PY,1627218997
Puerto Madryn,-42.7692,-65.0385,45.64,49,61,15.19,AR,1627218999
Salinas,36.6777,-121.6555,57.99,88,90,3.44,US,1627219000
Sidi Ali,36.0998,0.4206,83.07,43,0,12.44,DZ,1627219001
Mabaruma,8.2,-59.7833,79.27,93,100,2.89,GY,1627219002
Jutaí,-5.1833,-68.9,80.6,71,55,2.01,BR,1627219003
Van,38.4924,43.3831,83.55,30,20,12.66,TR,1627219005
Euclides da Cunha,-10.5075,-39.0158,74.32,58,32,13.38,BR,1627219006
Alta Floresta,-9.8756,-56.0861,85.82,45,0,9.22,BR,1627219007
Havelock,34.8791,-76.9013,82.94,78,1,3.44,US,1627219009
Kara-Tyube,44.6336,45.4369,89.8,24,94,15.28,RU,1627219010
Caraquet,47.7941,-64.9386,75.34,67,10,4.07,CA,1627219011
Jacareacanga,-6.2222,-57.7528,87.35,38,12,3.42,BR,1627219012
West Helena,34.5507,-90.6418,80.8,78,5,4.0,US,1627219014
Teseney,15.11,36.6575,82.38,61,94,7.76,ER,1627219014
Harindānga,22.0383,88.3214,87.78,82,100,10.76,IN,1627219016
Mogapinyana,-22.3667,27.6,64.04,32,0,13.27,BW,1627219016
Chapada dos Guimarães,-15.4606,-55.7497,76.66,30,0,10.16,BR,1627219017
Sambava,-14.2667,50.1667,70.5,84,100,17.22,MG,1627219019
Chipata,-13.6333,32.65,58.62,56,98,10.51,ZM,1627218770
La Asuncion,11.0333,-63.8628,82.13,78,100,11.5,VE,1627219020
Ariquemes,-9.9133,-63.0408,84.67,42,13,0.56,BR,1627219021
Ovalle,-30.5983,-71.2003,52.09,69,0,0.78,CL,1627219023
Ikalamavony,-21.15,46.5833,59.9,69,49,11.56,MG,1627218876
Podgorica,42.4411,19.2636,94.78,26,20,10.36,ME,1627219007
Rio Grande,-32.035,-52.0986,75.31,70,100,8.46,BR,1627219024
Butler,39.4501,-84.5666,79.74,88,40,1.99,US,1627219026
Dingle,10.9995,122.6711,77.95,86,12,8.5,PH,1627219027
São Lourenço,-22.1164,-45.0544,66.38,42,0,3.06,BR,1627219027
Mahibadhoo,3.7833,72.9667,81.07,80,100,14.56,MV,1627218904
Bereket,39.2446,55.5154,105.71,23,0,10.6,TM,1627219028
Jalu,29.0331,21.5482,95.47,19,0,13.27,LY,1627219030
Cervo,43.6702,-7.4101,66.87,78,77,9.51,ES,1627219031
Gazli,40.1333,63.45,109.87,9,0,24.11,UZ,1627219032
Doba,8.65,16.85,90.0,48,99,5.06,TD,1627218823
Mweka,-4.85,21.5667,96.01,16,100,5.66,CD,1627219034
Praia da Vitória,38.7333,-27.0667,71.85,78,75,13.98,PT,1627219036
San Carlos del Zulia,9.0,-71.9135,76.12,94,100,3.6,VE,1627219038
Edd,13.9297,41.6925,92.17,49,100,2.35,ER,1627219039
Pitimbu,-7.4706,-34.8086,79.39,73,3,13.87,BR,1627219040
Clarksburg,39.2807,-80.3445,77.31,82,90,5.75,US,1627219042
Bījār,35.8668,47.6051,94.95,12,5,6.62,IR,1627219042
Mier,26.4333,-99.15,77.68,77,6,9.37,MX,1627219044
Uyuni,-20.4597,-66.825,43.75,38,99,11.41,BO,1627219045
Copiapó,-27.3667,-70.3333,46.09,49,0,0.27,CL,1627219046
Murdochville,48.9583,-65.5006,63.48,59,0,8.63,CA,1627219048
Ndélé,8.4109,20.6473,81.21,77,94,5.48,CF,1627219048
Oltu,40.5498,42.0013,86.92,35,50,8.84,TR,1627219050
Nacala,-14.5428,40.6728,77.0,53,33,14.32,MZ,1627218804
Semey,50.4111,80.2275,95.22,14,0,11.18,KZ,1627219051
Kaka,37.3482,59.6143,108.52,6,0,15.21,TM,1627219051
Garner,35.7113,-78.6142,78.82,82,47,8.34,US,1627219053
Dera Bugti,29.0307,69.151,107.8,21,19,11.18,PK,1627219053
Esim,4.8699,-2.2405,81.39,61,32,9.71,GH,1627218849
Knysna,-34.0363,23.0471,75.58,25,17,2.26,ZA,1627219054
Yankton,42.8711,-97.3973,73.11,83,1,0.0,US,1627219055
Kentau,43.5206,68.5094,104.18,10,0,15.28,KZ,1627219056
Kapoeta,4.7717,33.5903,75.2,57,100,13.98,SS,1627219056
Nikki,9.9401,3.2108,83.46,62,75,5.84,BJ,1627219058
Laela,-8.5667,32.05,62.78,47,100,11.16,TZ,1627219059
Malumfashi,11.7853,7.6218,81.91,62,100,9.4,NG,1627219061
Al Bardīyah,31.7561,25.0865,82.42,49,0,19.46,LY,1627219063
Olinda,-8.0089,-34.8553,76.73,73,20,14.97,BR,1627219064
Tarashcha,49.5583,30.4926,78.57,43,39,3.53,UA,1627219065
Villa Florida,-26.3833,-57.15,78.24,39,75,11.32,PY,1627219067
Adzopé,6.1069,-3.8619,83.77,56,100,4.21,CI,1627219068
Caravelas,-17.7125,-39.2481,74.64,66,17,6.46,BR,1627219070
Bodden Town,19.2833,-81.25,84.99,84,20,3.44,KY,1627219071
Aylmer,42.7668,-80.983,72.18,87,0,7.2,CA,1627219072
São Mateus do Sul,-25.8742,-50.3828,64.42,47,5,5.08,BR,1627218795
Shakawe,-18.3667,21.85,76.03,24,3,10.69,BW,1627219073
Brownsville,25.9018,-97.4975,82.9,88,1,0.0,US,1627219074
Pitsunda,43.1592,40.3378,80.78,74,49,1.79,GE,1627219075
Altea,38.5989,-0.0514,89.78,69,100,14.12,ES,1627219077
Satna,24.5833,80.8333,83.86,76,62,11.23,IN,1627219078
Nieuwpoort,51.1244,2.7735,76.23,60,40,9.22,BE,1627219078
Kaduqli,11.0167,29.7167,80.69,68,100,9.95,SD,1627219079
Miramar,25.9873,-80.2323,86.02,85,20,3.44,US,1627218896
Jumla,29.2747,82.1838,68.41,96,100,3.2,NP,1627219081
Gohpur,26.8833,93.6333,84.45,92,100,5.17,IN,1627219081
Zyryanovsk,49.7386,84.2719,80.29,55,0,1.3,KZ,1627219081
Šibenik,43.7272,15.9058,92.86,27,15,7.0,HR,1627219081
Gīdam,18.9833,81.4,79.83,80,31,6.2,IN,1627219082
San Ignacio,17.1561,-89.0714,77.14,88,0,4.61,BZ,1627219083
Verāval,20.9,70.3667,79.36,90,100,17.72,IN,1627219083
Arrondissement de Nevers,46.9167,3.3333,72.19,57,76,9.06,FR,1627219084
Srīsailain,16.0833,78.8667,80.82,71,100,9.51,IN,1627219085
Bibiani,6.4635,-2.3194,85.66,52,69,3.51,GH,1627219085
Lexington Park,38.2668,-76.4538,77.11,75,90,1.99,US,1627219086
Balkhash,46.844,74.9804,84.49,29,76,11.1,KZ,1627219020
Leningradskaya,46.3214,39.3877,86.85,34,53,9.19,RU,1627218874
Tshikapa,-6.4167,20.8,96.12,17,0,7.87,CD,1627219088
Ormara,25.2088,64.6357,82.72,85,97,18.7,PK,1627219089
Kudahuvadhoo,2.6708,72.8944,82.22,73,99,13.35,MV,1627218905
Cartagena,10.3997,-75.5144,80.22,94,75,4.61,CO,1627219089
Ampanihy,-24.7,44.75,68.65,42,2,17.85,MG,1627219090
Aswān,24.0934,32.907,103.3,12,0,13.15,EG,1627219092
Touros,-5.1989,-35.4608,83.3,60,15,17.92,BR,1627219093
Kargil,34.5667,76.1,80.96,24,96,6.51,IN,1627219094
Mwinilunga,-11.7358,24.4293,75.69,23,0,10.25,ZM,1627219094
Pāsighāt,28.0667,95.3333,79.95,96,100,1.74,IN,1627218967
Salinópolis,-0.6136,-47.3561,83.68,67,19,7.56,BR,1627219096
Manacapuru,-3.2997,-60.6206,84.78,57,22,3.67,BR,1627219098
Linares,-35.85,-71.6,49.17,82,100,8.03,CL,1627219099
Ponta Delgada,37.7333,-25.6667,70.52,88,40,12.66,PT,1627219100
Kisangani,0.5167,25.2,91.51,37,99,1.7,CD,1627219102
Candelaria,13.9311,121.4233,84.38,83,100,9.26,PH,1627219103
Machilipatnam,16.1667,81.1333,89.8,69,100,8.39,IN,1627219103
Pasni,25.2631,63.471,82.49,83,34,15.12,PK,1627219103
Smithville,39.3869,-94.5811,80.91,82,90,4.61,US,1627219105
Negombo,7.2083,79.8358,80.08,86,83,13.31,LK,1627218890
Aden,12.7794,45.0367,82.4,73,29,15.05,YE,1627219106
Mpongwe,-13.5091,28.155,71.19,23,0,11.21,ZM,1627219108
Prainha,-1.8,-53.48,84.0,55,92,4.68,BR,1627219109
Chhor,25.5167,69.7667,102.11,37,100,18.45,PK,1627219111
Rehoboth,-23.3167,17.0833,72.45,14,1,10.36,NA,1627219111
Trairi,-3.2778,-39.2689,86.31,40,33,12.82,BR,1627219112
Kutum,14.2,24.6667,88.54,35,91,8.52,SD,1627219114
Quelimane,-17.8786,36.8883,71.55,64,75,11.5,MZ,1627219115
Mankono,8.0586,-6.1897,82.06,59,99,5.99,CI,1627219116
Niquero,20.0431,-77.5828,81.95,79,23,2.77,CU,1627219118
Nguruka,-5.1092,31.0419,83.82,23,2,7.96,TZ,1627219119
Cape Canaveral,28.4058,-80.6048,84.27,85,40,9.22,US,1627219120
Takāb,36.4009,47.1133,95.0,12,63,5.06,IR,1627219121
Barra de Tecoanapa,16.5167,-98.75,77.36,85,100,3.04,MX,1627219122
Hutchinson,38.0608,-97.9298,82.35,78,1,1.01,US,1627219123
Tambovka,50.0969,128.0489,73.51,94,100,6.62,RU,1627219124
Puerto Escondido,15.85,-97.0667,77.83,78,20,8.05,MX,1627219124
Ürümqi,43.801,87.6005,92.35,17,20,4.47,CN,1627219125
Encruzilhada do Sul,-30.5439,-52.5219,65.73,58,20,6.71,BR,1627219125
Halifax,44.6453,-63.5724,75.52,79,0,1.99,CA,1627219056
Valparaíso,-33.0393,-71.6273,52.72,88,20,3.44,CL,1627219127
Medzilaborce,49.2719,21.9007,79.14,42,94,7.74,SK,1627219128
